first_name,last_name
Tammy,Weaver
Billy,Morris
Linda,Ross
Edward,Lawson
Jose,Reyes
Jennifer,Henry
Denise,Kim
Carlos,Andrews
Rachel,White
Sharon,Watson
Kathryn,Franklin
Thomas,Lopez
Jennifer,Stanley
Patrick,Wallace
Jeremy,Simmons
Stephanie,Lane
Doris,Morris
Michelle,Owens
Carol,Turner
Julie,Berry
Louis,Brown
Anthony,Fields
Henry,Morgan
Elizabeth,Hayes
Catherine,Thomas
Christina,Jenkins
Richard,Green
Lawrence,Boyd
Fred,Mcdonald
Keith,Brooks
Victor,Rogers
Jonathan,Lee
Robert,Walker
Roy,Adams
Susan,Mitchell
Linda,Shaw
Andrew,Hunt
Joseph,Roberts
Timothy,Hunt
Susan,Daniels
Phyllis,Cooper
James,Morrison
Janice,Boyd
Margaret,Stanley
Gloria,Robertson
Christopher,Jacobs
Ruth,Warren
Dennis,Gonzalez
Justin,Stanley
Catherine,Barnes
Carol,Payne
Frank,Nelson
Howard,Matthews
Fred,Jackson
Patricia,Brooks
Frank,Foster
Arthur,Franklin
Charles,Hernandez
Chris,Hunt
Martin,Hunter
Carl,Moore
Linda,Turner
Laura,Reed
Michael,Lawson
Tammy,Ray
Mark,Burns
Dennis,Watson
Brian,Gray
Gloria,Taylor
Heather,Ford
Rebecca,Lane
Eugene,Stanley
Frances,Miller
Julie,Welch
Russell,Mccoy
Daniel,Lawrence
Albert,Cunningham
Phyllis,Burke
Marie,White
Richard,Moreno
Brian,White
Jose,Ramos
Richard,Torres
Diana,Gonzales
Howard,Perry
Joseph,Myers
Matthew,West
Antonio,Thompson
Todd,Ramirez
Lori,Edwards
Bobby,Parker
Theresa,Henderson
Anthony,Flores
Philip,Howell
James,Woods
Christopher,Moreno
Marilyn,Spencer
Frances,Kelley
Donald,Frazier
Pamela,Kelley
Melissa,Welch
Doris,Young
Bruce,Kennedy
Betty,Ryan
Janet,Banks
Eugene,Wheeler
Nancy,Williamson
Willie,Collins
Melissa,Garcia
Justin,Andrews
Aaron,Weaver
Eugene,Sanchez
Anna,Gilbert
Cheryl,Mason
Mary,Lane
Carl,Murphy
Annie,Brooks
Brandon,Stone
Nicholas,Hall
Craig,Sullivan
Jean,Jones
Andrew,Cole
Russell,Young
Jeffrey,Snyder
Walter,Perry
Mildred,Peters
Frank,Rivera
Jean,Boyd
Jimmy,Williamson
Craig,Stanley
Sharon,Hernandez
Linda,Hayes
Randy,James
Jesse,Lopez
Timothy,Robertson
Jason,Thompson
Gary,Gardner
Michelle,Flores
Margaret,Ortiz
Jesse,Kim
Joseph,Matthews
Joan,Lopez
Jack,Larson
Randy,Gardner
Irene,Ruiz
Rachel,Hall
Judith,Frazier
Maria,Medina
Phyllis,Lawson
Janice,Martin
Mildred,Miller
Shawn,Sanders
Pamela,Williams
Kathryn,Harvey
Terry,Meyer
Mary,Wagner
Judith,Armstrong
Shawn,Edwards
Susan,Thompson
Larry,Gutierrez
Sara,Day
Gary,Garza
Lori,Arnold
Steve,Simpson
Heather,Watson
Ann,Gonzalez
Michelle,Stewart
Jack,Snyder
Annie,Taylor
Bruce,Meyer
Lori,Bryant
Chris,Alvarez
Ernest,Kim
Rebecca,Riley
Alice,Bailey
Amanda,Montgomery
William,Johnson
Brian,Wood
John,Ellis
Benjamin,Henderson
Samuel,Watkins
Kathleen,Spencer
Bobby,Fisher
Anthony,Harris
Sara,Bryant
Anthony,Gonzales
Henry,Henry
Cheryl,Jackson
Paul,Lopez
Shirley,Carter
Roy,Lee
Adam,Shaw
Michael,Jacobs
Laura,Nichols
Stephen,Thompson
Ryan,Rivera
Brian,Lee
Victor,Morris
Brenda,Medina
Melissa,Nelson
Marie,Grant
Diane,Willis
Carol,Hicks
Brandon,Freeman
Jeffrey,Jacobs
Bruce,Carr
Amy,Davis
Donna,Morrison
Louis,Ellis
Ann,Fowler
Bobby,Welch
John,Gray
Jean,Cooper
Brandon,Reynolds
Angela,Frazier
Judith,Willis
Diana,Graham
Helen,Hayes
Gloria,Lawrence
Ruby,Moore
Barbara,Ferguson
Teresa,Kennedy
Nicole,Rice
Cheryl,Porter
Thomas,Carroll
Terry,Butler
Christopher,Lewis
Philip,Mcdonald
Willie,Patterson
Jason,Jordan
Kevin,Wells
Nicole,Stewart
Benjamin,Weaver
Mary,Mason
Stephanie,Reynolds
Katherine,Lawrence
Jose,Taylor
Douglas,Allen
Earl,Foster
Samuel,Roberts
Irene,Walker
Juan,Mills
Lillian,Perry
Aaron,Rodriguez
Tina,Smith
Nicholas,Holmes
Jason,Carroll
Frances,Hart
Scott,Snyder
Kathy,Owens
Rachel,Garrett
John,Gordon
Kathy,Griffin
Maria,Hughes
Kenneth,Hill
Jeremy,Russell
Johnny,Lawrence
Kathleen,Washington
David,Kelley
Richard,Hansen
Robert,Cox
Stephanie,Scott
Wanda,Davis
Nicholas,Wheeler
Jacqueline,Ford
Joshua,Perkins
Frances,Flores
Irene,Gilbert
Lori,Nelson
Heather,Harris
Jean,Daniels
Paula,Reed
Steven,Harper
Jason,Ellis
Jack,Perkins
Gloria,Wright
Louis,Long
Janet,Moore
Donald,Hunter
Howard,Ray
Bobby,Grant
Brian,Kennedy
Joan,Ross
Bruce,Elliott
Carl,Griffin
Philip,Berry
Tammy,Lopez
Louise,Bell
Juan,Campbell
Raymond,Spencer
Roy,Chapman
Beverly,Chapman
Mary,Ross
Julie,Anderson
Steve,Hansen
Maria,Flores
Norma,Morgan
James,Gonzalez
Carolyn,Stewart
Evelyn,Parker
Barbara,Barnes
Brenda,Butler
Harold,Little
Ashley,Willis
Elizabeth,Armstrong
Charles,Wood
Joshua,Stewart
James,Gutierrez
Jeremy,Larson
Shirley,Thompson
Russell,Rodriguez
Walter,Ray
Jimmy,Howell
Jonathan,Ramos
Patricia,Hill
Rachel,Sanders
Sarah,James
Joshua,Shaw
Karen,Johnson
Doris,Mitchell
Jesse,Knight
Jason,Harvey
Charles,Owens
Jerry,West
Kathryn,Hansen
Sandra,Sanchez
Dennis,Daniels
Rebecca,Cruz
Alice,Murphy
Willie,Mccoy
Brandon,Perry
Lisa,Garcia
Barbara,Matthews
David,Hansen
Janet,Johnston
Irene,White
Nicholas,Owens
Nancy,Dixon
Justin,Ward
Jesse,Hudson
Laura,George
Samuel,Weaver
Kimberly,Richards
Donna,Nichols
Jerry,Cole
Gloria,Dean
Pamela,Harvey
Anna,Watkins
Chris,Watkins
Steve,Marshall
Steven,Torres
Carolyn,Stephens
Wanda,Webb
Patricia,Powell
Robert,Berry
Paula,Green
Andrea,Jenkins
Anna,Morales
Jeremy,Stewart
Paul,Montgomery
Christopher,Coleman
Norma,Roberts
Justin,Harvey
Judy,Willis
Norma,Carr
Katherine,Ramirez
Roy,Ford
Jennifer,Ford
Scott,Watkins
Howard,Cruz
Scott,Mills
Robin,Shaw
Melissa,Greene
Anne,Hernandez
Amanda,Sanders
Eugene,Morales
Christopher,Martinez
Antonio,Harris
Robin,Hawkins
Katherine,Simmons
Barbara,Smith
Todd,Young
Joseph,Johnston
Keith,Dunn
Wanda,Marshall
Barbara,White
Gary,Murphy
Robin,Warren
Billy,Thompson
Eugene,Medina
Eugene,Washington
Kenneth,Morris
Nicholas,Roberts
Nicholas,Diaz
Amy,Stone
Elizabeth,Reyes
Melissa,Bennett
Justin,Gibson
Marie,Holmes
Benjamin,Ellis
Amanda,Powell
Alice,Garcia
Stephanie,Mitchell
Sara,Knight
Randy,Lewis
Joe,Harvey
Cynthia,Vasquez
Pamela,Martin
Kelly,Ryan
Steve,Washington
Russell,Jones
Rachel,Stone
Donald,Jackson
Timothy,Fuller
Karen,Sanders
Raymond,Peters
Jason,Stanley
Russell,Baker
Raymond,Mcdonald
Margaret,Lawson
Sarah,Martinez
Tammy,Hall
Ashley,Hayes
Roger,Holmes
Eric,Rose
Benjamin,Barnes
Nancy,Ellis
Clarence,Long
Benjamin,Meyer
Jose,Williamson
Samuel,Gutierrez
Todd,Palmer
Terry,Alvarez
Richard,Sullivan
Shirley,Meyer
Bruce,Spencer
Kenneth,Lane
Rose,Nguyen
Catherine,Wright
Gerald,Barnes
Cynthia,Bishop
Stephanie,Carter
Kathryn,Ortiz
Adam,Martinez
Willie,Adams
William,Hill
Ryan,Gardner
Larry,Cunningham
Kevin,Alvarez
Angela,Thomas
Russell,Baker
Theresa,Myers
Janet,Franklin
Pamela,Elliott
Robin,Flores
Joyce,Brooks
Roy,Jackson
Phillip,Austin
Benjamin,Riley
Douglas,Rivera
Robin,Jenkins
Roy,Stone
Helen,Anderson
Susan,Montgomery
Anna,Mccoy
Kathryn,Mendoza
Kathryn,George
Brenda,Peters
Shawn,Mcdonald
Justin,Wood
Nicole,Watkins
Gloria,Rivera
Sarah,Jones
Diana,Cook
Sara,Woods
Pamela,Carroll
Cynthia,Jacobs
Bonnie,Perez
Robert,Reynolds
Brenda,Hunter
Tina,Bennett
Wayne,Lane
Patricia,Harrison
Victor,Griffin
Daniel,Oliver
Kenneth,Rice
Aaron,Russell
Karen,Bradley
Daniel,Ryan
Benjamin,Spencer
Theresa,Scott
Sean,Howell
Margaret,Matthews
Willie,Woods
Julia,Campbell
Sarah,Porter
Paul,Roberts
Steve,Washington
Donna,Peterson
Chris,Davis
Scott,Little
Christine,Cox
Brandon,Ortiz
Cheryl,Alvarez
Joseph,Gilbert
Terry,Carroll
Marilyn,Armstrong
Matthew,Hicks
Ronald,Perry
Jacqueline,Gordon
Lori,Fisher
Christopher,Vasquez
Norma,Hart
Kevin,Henry
Andrew,Rivera
Kevin,Mills
Antonio,Lawrence
John,Fuller
Bobby,Schmidt
Jacqueline,Matthews
Nancy,Reed
Howard,Gutierrez
Heather,Brooks
Jennifer,Fox
Lillian,Lewis
Jessica,Carroll
Philip,Morris
Janet,Powell
Sandra,Nguyen
Jennifer,Mills
Benjamin,Fowler
Clarence,Andrews
Brian,Reynolds
Janet,Stevens
Martha,Allen
Gary,Hart
Karen,Willis
Shawn,Long
Deborah,Johnson
Anna,Lynch
Judith,Dixon
Laura,Castillo
Jeremy,Watson
Arthur,Meyer
Robin,Riley
Russell,Stanley
Ronald,Payne
Nancy,Morgan
Shirley,Campbell
Harry,Garrett
Gregory,Lopez
Amanda,Collins
Andrew,Dunn
Virginia,Ellis
James,Ruiz
Robin,Hamilton
Richard,Gordon
Ronald,Alexander
William,Cook
Carol,Phillips
Bobby,Wells
Joyce,Stevens
Patrick,Graham
Andrew,Mills
Amy,Robertson
Phyllis,Woods
Cynthia,Ortiz
Ryan,Walker
Joe,Shaw
Teresa,Banks
Craig,Gomez
Denise,Martinez
Kenneth,Thompson
James,Sullivan
Diana,Armstrong
Kelly,Hansen
Robin,Mendoza
Antonio,Collins
Larry,Elliott
Edward,Dunn
William,Morales
Gerald,Sullivan
Judy,West
Michelle,Harper
Matthew,Wheeler
Michelle,Medina
Jerry,Rogers
Howard,Gonzalez
Sean,Crawford
Kathleen,Jenkins
Gregory,Ramirez
Julia,Holmes
Kimberly,Moreno
John,Welch
Catherine,Mcdonald
Anne,Flores
Howard,Carpenter
Rachel,Ortiz
Melissa,Dixon
Bobby,James
Mildred,Perez
Michelle,Ray
Rose,Lawrence
Anne,Daniels
Louise,Robertson
Joseph,Owens
Theresa,Garza
Jacqueline,Reynolds
Carolyn,Brooks
Jennifer,White
Tammy,Bradley
Karen,Gutierrez
Carl,Gonzalez
Michael,Murray
Louis,Stanley
Debra,Austin
Donald,Brooks
Lori,Henderson
Bobby,Perez
Scott,Frazier
Kathryn,Cruz
Walter,Wallace
Barbara,Collins
John,Dunn
Raymond,Simpson
Sharon,Garrett
Martin,Richardson
Steven,Phillips
Peter,Cook
Shawn,Lynch
Paula,White
Doris,Austin
Robert,Burke
Christopher,Stone
Alan,Marshall
Karen,Mccoy
Linda,Freeman
Martha,Fernandez
Joshua,Bennett
Jonathan,Sanders
Jack,Elliott
Sandra,Wright
Eric,Riley
Catherine,Hansen
Sandra,Young
Ashley,Ross
Shirley,Lane
Louise,Watkins
Karen,Marshall
Rachel,Nichols
Donna,Spencer
Karen,Webb
Ryan,Jordan
Raymond,White
Matthew,Jenkins
Carolyn,Lopez
Rachel,Williamson
Lisa,Lewis
Dennis,Wheeler
Joe,Henderson
Julie,Duncan
Bobby,Rose
Bobby,Lawrence
Judith,Kelly
Nicole,Lewis
Matthew,Warren
Brandon,Jordan
Johnny,Brooks
Howard,Miller
Donna,Diaz
Brian,Oliver
Stephen,Black
Craig,Garrett
Lawrence,Hall
Fred,Franklin
Ernest,Bryant
Heather,Harvey
Norma,Bowman
Harry,Bishop
Judith,Burns
Rachel,Harper
Rebecca,Coleman
Rose,Wheeler
Pamela,Scott
Rachel,Sanders
Julie,Owens
Adam,Torres
Maria,Banks
Adam,Jenkins
Antonio,Bryant
Eugene,Harvey
Philip,Cruz
Deborah,Hudson
Dennis,Harper
Gregory,Thompson
Kathleen,Collins
Henry,Gutierrez
Margaret,Hughes
Anthony,Clark
Todd,Pierce
Charles,Fernandez
Janice,Bell
Ann,Hudson
Gregory,Ellis
Michael,Morgan
Eric,Kelley
Julie,Wilson
Virginia,Carpenter
Thomas,Roberts
John,George
Emily,Larson
Brian,Adams
Karen,Baker
Brandon,Marshall
Janice,Fields
Adam,Harrison
Sara,Schmidt
Ryan,Romero
Linda,Ruiz
Andrew,Howard
Susan,Hart
Janet,Adams
Kenneth,Powell
Rose,Hall
Jose,Day
Michelle,Burns
Clarence,Castillo
Angela,Hunt
Annie,Jackson
Michelle,Fox
Earl,Fowler
Christopher,Perkins
Paula,Vasquez
Paul,Elliott
Tammy,Wood
Todd,Carpenter
Robin,Stewart
Ruth,Schmidt
Jose,Bryant
Kenneth,Harper
Bruce,Warren
Kevin,Baker
Kevin,Pierce
Kevin,Mendoza
Jason,Robinson
Cheryl,Hernandez
Marie,Day
Donna,Perkins
Jerry,Martinez
Peter,Little
Charles,Fields
Gloria,Cunningham
Ann,Jones
Antonio,Riley
Jennifer,Morgan
Frances,Fowler
David,Dixon
Anna,Elliott
Anthony,Pierce
Ruth,Mason
Roger,Castillo
Melissa,Castillo
Nicholas,Carpenter
Judy,Sanchez
Raymond,Cook
Jerry,Cooper
Pamela,Fowler
Frank,Lee
Deborah,Gilbert
Arthur,Banks
Stephen,Simmons
Mary,Graham
Marie,Lynch
Tammy,Campbell
David,Clark
Emily,Owens
Wanda,Spencer
Robert,Torres
Theresa,Richardson
Frank,Turner
Eugene,Crawford
Ruth,Henry
Eugene,Bennett
Kathy,Carr
Susan,Chapman
David,Ford
Louise,Peterson
Lawrence,Peters
Denise,Peters
Rose,Lane
Annie,Sanchez
Jessica,Robertson
Craig,Jones
Richard,Gilbert
Pamela,Shaw
Walter,Porter
Martha,Moore
Paul,Bradley
Billy,Davis
Kenneth,Gutierrez
Cheryl,Fernandez
Brian,Henry
Janice,Adams
Johnny,Mason
Thomas,Coleman
Lawrence,Frazier
Billy,Warren
Marilyn,Jacobs
Douglas,Garcia
Charles,Arnold
Raymond,Murphy
Lillian,Coleman
Richard,Ryan
Tina,Nichols
Anna,Ross
Lori,Morgan
Helen,Fox
Joyce,Bennett
Brenda,Sullivan
Carolyn,Moreno
Steven,Hughes
Diana,Gardner
David,Lewis
Jesse,Morgan
Lori,Weaver
Phyllis,Morgan
Philip,Holmes
Evelyn,Burns
Jack,Hernandez
Cheryl,Reyes
Elizabeth,Carter
Roy,Moreno
Edward,Coleman
Jack,Kelly
Daniel,Burns
Katherine,Rodriguez
Roger,Alvarez
Paul,Barnes
Edward,Edwards
Scott,Carpenter
Joyce,Armstrong
Brenda,Cole
Doris,Moreno
Joyce,Riley
Jonathan,Hughes
George,Hernandez
Todd,Richards
Louise,Fuller
Ruby,Nelson
Carol,Hill
Julie,Hughes
Cynthia,Long
Earl,Meyer
Sean,Hughes
Frank,Day
Paula,Graham
Joe,Ross
Gerald,Wagner
Sarah,Hudson
Henry,Garcia
Dorothy,Gutierrez
Edward,Schmidt
Beverly,Murphy
Emily,Hall
Larry,Johnson
Jose,Smith
Jack,Howell
George,Thomas
Ernest,Turner
Randy,Cunningham
Catherine,Hawkins
Ronald,Rice
Jacqueline,Hill
Margaret,Hill
Dennis,Little
Douglas,Gray
Laura,Sanchez
Carol,Reed
Sharon,Gilbert
Anthony,Stanley
Joe,Sullivan
Lisa,Wagner
Louise,Cole
Anna,Alexander
Laura,Mills
Judy,Powell
Laura,Harrison
Louise,Kim
Tina,Ruiz
Patricia,Lewis
Stephanie,Roberts
Paula,Pierce
Nicholas,George
Juan,Burns
Marie,Evans
Jerry,Hicks
Judith,Ross
Helen,Carroll
Justin,Hart
Alice,Kelley
Fred,Wilson
Helen,Lee
Judith,Butler
Harold,Wagner
Todd,Peters
Susan,Ruiz
Jimmy,Jenkins
Bonnie,Ortiz
Susan,Little
Ralph,Miller
Andrea,Carr
Rose,Parker
Julie,Henry
Bruce,Oliver
Angela,Chapman
Ernest,Long
Jeffrey,Medina
Tina,Meyer
Paul,Castillo
Kathleen,Pierce
Douglas,Alexander
Joyce,Day
Lawrence,Ramos
Ann,Daniels
Alice,Jones
Lois,Hanson
Christina,Holmes
James,Spencer
Linda,Dean
George,Mccoy
Jesse,Torres
Cheryl,Hart
Terry,Simmons
Kimberly,Banks
Jane,Ferguson
Catherine,Reyes
Barbara,Wells
Jonathan,Parker
Annie,Russell
Judith,Banks
Jimmy,Hunter
Christopher,Bennett
Maria,Powell
Virginia,Henderson
Gerald,Walker
Scott,Patterson
Michelle,Lopez
Denise,Bell
Cynthia,Stone
Philip,Campbell
Terry,Morgan
Sara,Bennett
Jerry,Hernandez
Jimmy,Bell
Brian,Burns
Lawrence,Alexander
Shawn,Phillips
Lillian,Reed
Martha,Lynch
Martha,Freeman
William,Ellis
Russell,Mitchell
Arthur,Allen
Kenneth,Williams
Michael,Ramos
Andrew,Robertson
Shawn,Bell
Dennis,Gardner
Diana,Edwards
Cynthia,Duncan
Sarah,Kim
Kathleen,Fernandez
Alice,Ellis
Elizabeth,Hansen
Joyce,Dunn
Shirley,Coleman
Virginia,Hart
Dennis,Patterson
Brenda,Hunter
Anna,Greene
Anthony,Parker
Jeffrey,Hayes
Chris,Wilson
Michelle,Scott
Roger,Mitchell
Randy,Smith
Brandon,Lawson
Jerry,Snyder
Mary,Williams
Jacqueline,Kelly
Karen,Morales
Laura,Jackson
Rebecca,Robinson
Clarence,Reid
Robert,Williams
Irene,Harrison
Anna,Coleman
Harry,Hall
Sean,Gardner
Tammy,Mason
